{
  "type": "vstack",
  "neverRecomputeExistingPartitions": false,
  "optionalDependencies": false,
  "customMeta": {
    "kv": {}
  },
  "redispatchPartitioning": false,
  "maxRunningActivities": 0,
  "variables": {},
  "dkuProperties": [],
  "inputs": {
    "main": {
      "items": [
        {
          "ref": "collecteweb_litteratureetart_bnf_2011_2016_prepared",
          "deps": []
        },
        {
          "ref": "collecteweb_litteratureetart_bnf_2017_prepared",
          "deps": []
        },
        {
          "ref": "collecteweb_litteratureetart_bnf_2018_prepared",
          "deps": []
        },
        {
          "ref": "collecteweb_litteratureetart_bnf_2019_prepared",
          "deps": []
        },
        {
          "ref": "collecteweb_litteratureetart_bnf_2020_prepared",
          "deps": []
        }
      ]
    }
  },
  "outputs": {
    "main": {
      "items": [
        {
          "ref": "collecteweb_litteratureetart_bnf_2011_2016_prepared_stacked",
          "appendMode": false
        }
      ]
    }
  },
  "labels": [],
  "versionTag": {
    "versionNumber": 1,
    "lastModifiedBy": {
      "login": "admin"
    },
    "lastModifiedOn": 1646408275662
  },
  "creationTag": {
    "versionNumber": 0,
    "lastModifiedBy": {
      "login": "admin"
    },
    "lastModifiedOn": 1646408255919
  },
  "tags": [],
  "customFields": {},
  "checklists": {
    "checklists": []
  }
}